text,href
Login,https://steamcommunity.com/login/home/?goto=market%2Flistings%2F440%2FSpecialized+Killstreak+Rocket+Launcher+Kit+Fabricator
Store,https://store.steampowered.com/
Home,https://store.steampowered.com/
Discovery Queue,https://store.steampowered.com/explore/
Wishlist,https://steamcommunity.com/my/wishlist/
Points Shop,https://store.steampowered.com/points/shop/
News,https://store.steampowered.com/news/
Stats,https://store.steampowered.com/stats/
Community,https://steamcommunity.com/
Home,https://steamcommunity.com/
Discussions,https://steamcommunity.com/discussions/
Workshop,https://steamcommunity.com/workshop/
Market,https://steamcommunity.com/market/
Broadcasts,https://steamcommunity.com/?subsection=broadcasts
About,https://store.steampowered.com/about/
Support,https://help.steampowered.com/en/
Get the Steam Mobile App,https://store.steampowered.com/mobile
Privacy Policy,https://store.steampowered.com/privacy_agreement/
Legal,http://www.valvesoftware.com/legal.htm
Steam Subscriber Agreement,https://store.steampowered.com/subscriber_agreement/
Refunds,https://store.steampowered.com/steam_refunds/
STORE,https://store.steampowered.com/
Home,https://store.steampowered.com/
Discovery Queue,https://store.steampowered.com/explore/
Wishlist,https://steamcommunity.com/my/wishlist/
Points Shop,https://store.steampowered.com/points/shop/
News,https://store.steampowered.com/news/
Stats,https://store.steampowered.com/stats/
COMMUNITY,https://steamcommunity.com/
Home,https://steamcommunity.com/
Discussions,https://steamcommunity.com/discussions/
Workshop,https://steamcommunity.com/workshop/
Market,https://steamcommunity.com/market/
Broadcasts,https://steamcommunity.com/?subsection=broadcasts
About,https://store.steampowered.com/about/
SUPPORT,https://help.steampowered.com/en/
Install Steam,https://store.steampowered.com/about/
login,https://steamcommunity.com/login/home/?goto=market%2Flistings%2F440%2FSpecialized+Killstreak+Rocket+Launcher+Kit+Fabricator
简体中文 (Simplified Chinese),?l=schinese
繁體中文 (Traditional Chinese),?l=tchinese
日本語 (Japanese),?l=japanese
한국어 (Korean),?l=koreana
ไทย (Thai),?l=thai
Български (Bulgarian),?l=bulgarian
Čeština (Czech),?l=czech
Dansk (Danish),?l=danish
Deutsch (German),?l=german
Español - España (Spanish - Spain),?l=spanish
Español - Latinoamérica (Spanish - Latin America),?l=latam
Ελληνικά (Greek),?l=greek
Français (French),?l=french
Italiano (Italian),?l=italian
Bahasa Indonesia (Indonesian),?l=indonesian
Magyar (Hungarian),?l=hungarian
Nederlands (Dutch),?l=dutch
Norsk (Norwegian),?l=norwegian
Polski (Polish),?l=polish
Português (Portuguese - Portugal),?l=portuguese
Português - Brasil (Portuguese - Brazil),?l=brazilian
Română (Romanian),?l=romanian
Русский (Russian),?l=russian
Suomi (Finnish),?l=finnish
Svenska (Swedish),?l=swedish
Türkçe (Turkish),?l=turkish
Tiếng Việt (Vietnamese),?l=vietnamese
Українська (Ukrainian),?l=ukrainian
Report a translation problem,https://www.valvesoftware.com/en/contact?contact-person=Translation%20Team%20Feedback
Sign In,https://steamcommunity.com/login/home/?goto=market%2Flistings%2F440%2FSpecialized%2520Killstreak%2520Rocket%2520Launcher%2520Kit%2520Fabricator
Create an Account,https://store.steampowered.com/join
 ,
"Community Market
						Buy and sell items with community members for Steam Wallet funds.
					
				
				<img class=""market_header_logo"" src=""https://community.akamai.steamstatic.com/public/images/economy/market/header/header_en.png"" alt=""Steam Community Market"" />",https://steamcommunity.com/market/
Team Fortress 2,https://steamcommunity.com/market/search?appid=440
Specialized Killstreak Rocket Launcher Kit Fabricator,https://steamcommunity.com/market/listings/440/Specialized%20Killstreak%20Rocket%20Launcher%20Kit%20Fabricator
Week,javascript:void(0)
Month,javascript:void(0)
Lifetime,javascript:void(0)
Place buy order...,javascript:void(0)
Buy Now,"javascript:BuyMarketListing('listing', '663840918037389201', 440, '2', '15977156707')"
Buy Now,"javascript:BuyMarketListing('listing', '671724205532825519', 440, '2', '16283154087')"
Buy Now,"javascript:BuyMarketListing('listing', '625562309679908949', 440, '2', '15771304028')"
Buy Now,"javascript:BuyMarketListing('listing', '619932809813541313', 440, '2', '16299004444')"
Buy Now,"javascript:BuyMarketListing('listing', '652581918962522867', 440, '2', '15614737863')"
Buy Now,"javascript:BuyMarketListing('listing', '654835062155038237', 440, '2', '16268944305')"
Buy Now,"javascript:BuyMarketListing('listing', '815833859855675646', 440, '2', '14973840667')"
Buy Now,"javascript:BuyMarketListing('listing', '668345860967639306', 440, '2', '16285493534')"
Buy Now,"javascript:BuyMarketListing('listing', '635692400239878423', 440, '2', '16021133372')"
Buy Now,"javascript:BuyMarketListing('listing', '641318480016393991', 440, '2', '15892573360')"
Select State/Province,javascript:DSelectNoop();
Select State/Province,javascript:DSelectNoop();
Alabama,javascript:DSelectNoop();
Alaska,javascript:DSelectNoop();
American Samoa,javascript:DSelectNoop();
Arizona,javascript:DSelectNoop();
Arkansas,javascript:DSelectNoop();
Armed Forces Americas,javascript:DSelectNoop();
Armed Forces Europe,javascript:DSelectNoop();
Armed Forces Pacific,javascript:DSelectNoop();
California,javascript:DSelectNoop();
Colorado,javascript:DSelectNoop();
Connecticut,javascript:DSelectNoop();
Delaware,javascript:DSelectNoop();
District Of Columbia,javascript:DSelectNoop();
Federated States Of Micronesia,javascript:DSelectNoop();
Florida,javascript:DSelectNoop();
Georgia,javascript:DSelectNoop();
Guam,javascript:DSelectNoop();
Hawaii,javascript:DSelectNoop();
Idaho,javascript:DSelectNoop();
Illinois,javascript:DSelectNoop();
Indiana,javascript:DSelectNoop();
Iowa,javascript:DSelectNoop();
Kansas,javascript:DSelectNoop();
Kentucky,javascript:DSelectNoop();
Louisiana,javascript:DSelectNoop();
Maine,javascript:DSelectNoop();
Marshall Islands,javascript:DSelectNoop();
Maryland,javascript:DSelectNoop();
Massachusetts,javascript:DSelectNoop();
Michigan,javascript:DSelectNoop();
Minnesota,javascript:DSelectNoop();
Mississippi,javascript:DSelectNoop();
Missouri,javascript:DSelectNoop();
Montana,javascript:DSelectNoop();
Nebraska,javascript:DSelectNoop();
Nevada,javascript:DSelectNoop();
New Hampshire,javascript:DSelectNoop();
New Jersey,javascript:DSelectNoop();
New Mexico,javascript:DSelectNoop();
New York,javascript:DSelectNoop();
North Carolina,javascript:DSelectNoop();
North Dakota,javascript:DSelectNoop();
Northern Mariana Islands,javascript:DSelectNoop();
Ohio,javascript:DSelectNoop();
Oklahoma,javascript:DSelectNoop();
Oregon,javascript:DSelectNoop();
Palau,javascript:DSelectNoop();
Pennsylvania,javascript:DSelectNoop();
Puerto Rico,javascript:DSelectNoop();
Rhode Island,javascript:DSelectNoop();
South Carolina,javascript:DSelectNoop();
South Dakota,javascript:DSelectNoop();
Tennessee,javascript:DSelectNoop();
Texas,javascript:DSelectNoop();
Utah,javascript:DSelectNoop();
Vermont,javascript:DSelectNoop();
Virgin Islands,javascript:DSelectNoop();
Virginia,javascript:DSelectNoop();
Washington,javascript:DSelectNoop();
West Virginia,javascript:DSelectNoop();
Wisconsin,javascript:DSelectNoop();
Wyoming,javascript:DSelectNoop();
Purchase,#
Add Funds,#
Steam Subscriber Agreement,javascript:SSAPopup();
Close,#
View Inventory,https://steamcommunity.com/my/inventory/
Select State/Province,javascript:DSelectNoop();
Select State/Province,javascript:DSelectNoop();
Alabama,javascript:DSelectNoop();
Alaska,javascript:DSelectNoop();
American Samoa,javascript:DSelectNoop();
Arizona,javascript:DSelectNoop();
Arkansas,javascript:DSelectNoop();
Armed Forces Americas,javascript:DSelectNoop();
Armed Forces Europe,javascript:DSelectNoop();
Armed Forces Pacific,javascript:DSelectNoop();
California,javascript:DSelectNoop();
Colorado,javascript:DSelectNoop();
Connecticut,javascript:DSelectNoop();
Delaware,javascript:DSelectNoop();
District Of Columbia,javascript:DSelectNoop();
Federated States Of Micronesia,javascript:DSelectNoop();
Florida,javascript:DSelectNoop();
Georgia,javascript:DSelectNoop();
Guam,javascript:DSelectNoop();
Hawaii,javascript:DSelectNoop();
Idaho,javascript:DSelectNoop();
Illinois,javascript:DSelectNoop();
Indiana,javascript:DSelectNoop();
Iowa,javascript:DSelectNoop();
Kansas,javascript:DSelectNoop();
Kentucky,javascript:DSelectNoop();
Louisiana,javascript:DSelectNoop();
Maine,javascript:DSelectNoop();
Marshall Islands,javascript:DSelectNoop();
Maryland,javascript:DSelectNoop();
Massachusetts,javascript:DSelectNoop();
Michigan,javascript:DSelectNoop();
Minnesota,javascript:DSelectNoop();
Mississippi,javascript:DSelectNoop();
Missouri,javascript:DSelectNoop();
Montana,javascript:DSelectNoop();
Nebraska,javascript:DSelectNoop();
Nevada,javascript:DSelectNoop();
New Hampshire,javascript:DSelectNoop();
New Jersey,javascript:DSelectNoop();
New Mexico,javascript:DSelectNoop();
New York,javascript:DSelectNoop();
North Carolina,javascript:DSelectNoop();
North Dakota,javascript:DSelectNoop();
Northern Mariana Islands,javascript:DSelectNoop();
Ohio,javascript:DSelectNoop();
Oklahoma,javascript:DSelectNoop();
Oregon,javascript:DSelectNoop();
Palau,javascript:DSelectNoop();
Pennsylvania,javascript:DSelectNoop();
Puerto Rico,javascript:DSelectNoop();
Rhode Island,javascript:DSelectNoop();
South Carolina,javascript:DSelectNoop();
South Dakota,javascript:DSelectNoop();
Tennessee,javascript:DSelectNoop();
Texas,javascript:DSelectNoop();
Utah,javascript:DSelectNoop();
Vermont,javascript:DSelectNoop();
Virgin Islands,javascript:DSelectNoop();
Virginia,javascript:DSelectNoop();
Washington,javascript:DSelectNoop();
West Virginia,javascript:DSelectNoop();
Wisconsin,javascript:DSelectNoop();
Wyoming,javascript:DSelectNoop();
PLACE ORDER,#
Add Funds,#
Steam Subscriber Agreement,javascript:SSAPopup();
View item in inventory,#
geonames.org,https://steamcommunity.com/linkfilter/?u=http%3A%2F%2Fwww.geonames.org
Privacy Policy,http://store.steampowered.com/privacy_agreement/
Legal,https://store.steampowered.com/legal/
Steam Subscriber Agreement,http://store.steampowered.com/subscriber_agreement/
Cookies,http://store.steampowered.com/account/cookiepreferences/
